{
    "accuracy": 0.9610231425091352,
    "precison": 0.9518072289156626,
    "recall": 0.7383177570093458,
    "auc": 0.9483363438833478
}
